year,slope
2017,0.9082779787138264
2018,1.1001524699713003
